<?xml version="1.0" encoding="utf-8"?>

<odoo>
    <data noupdate="1">

        <record id="module_category_demande" model="ir.module.category">
            <field name="name">Gestion Réapprovisionnement Inter-Entreprise</field>
            <field name="sequence">22</field>
        </record>

        <record id="group_demande_administration" model="res.groups">
            <field name="name">Gestion des Demandes</field>
            <field name="category_id" ref="module_category_demande"/>
            <field name="users" eval="[(4, ref('base.user_root')), (4, ref('base.user_admin'))]"/>
        </record>

        <record id="group_demande_move_administration" model="res.groups">
            <field name="name">Gestion des Mouvement de demande</field>
            <field name="category_id" ref="module_category_demande"/>
            <field name="users" eval="[(4, ref('base.user_root')), (4, ref('base.user_admin'))]"/>
        </record>


        <!-- Company-restricted Records -->
        <record model="ir.rule" id="stock_demande_company_rule">
            <field name="name">stock demande Record: multi-company</field>
            <field name="model_id" ref="model_stock_demande"/>
            <field name="global" eval="True"/>
            <field name="domain_force">
                [('company_id', 'in', company_ids)]
            </field>
        </record>

<!--        &lt;!&ndash; multi &ndash;&gt;-->
<!--    <record model="ir.rule" id="stock.stock_picking_rule">-->
<!--        <field name="name">stock_picking multi-company</field>-->
<!--        <field name="model_id" search="[('model','=','stock.picking')]" model="ir.model"/>-->
<!--        <field name="domain_force">['|',('company_id.entrepot_centrale','=',True),('company_id.entrepot_centrale','=',False)]</field>-->
<!--    </record>-->
<!--        <record model="ir.rule" id="stock.stock_location_comp_rule">-->
<!--        <field name="name">Location multi-company</field>-->
<!--        <field name="model_id" ref="model_stock_location"/>-->
<!--        <field name="domain_force">['|',('company_id.entrepot_centrale','=',True),('company_id.entrepot_centrale','=',False)]</field>-->
<!--    </record>-->


    </data>
</odoo>
