<?xml version="1.0" encoding="utf-8"?>

<odoo>
    <data noupdate="1">

        <record id="module_category_demande" model="ir.module.category">
            <field name="name">Gestion Réapprovisionnement Inter-Entreprise</field>
            <field name="sequence">22</field>
        </record>

        <record id="group_demande_administration" model="res.groups">
            <field name="name">Gestion des Demandes</field>
            <field name="category_id" ref="module_category_demande"/>
        </record>

        <record id="group_demande_move_administration" model="res.groups">
            <field name="name">Gestion des Mouvement de demande</field>
            <field name="category_id" ref="module_category_demande"/>
        </record>

         <record model="ir.rule" id="stock_demande_rule">
            <field name="name">stock_demande multi-company</field>
            <field name="model_id" search="[('model','=','stock.demande')]" model="ir.model"/>
            <field name="domain_force">[('company_id', 'in', company_ids)]</field>
        </record>

         <record model="ir.rule" id="stock_demande_move_line_rule">
            <field name="name">stock_demande multi-company</field>
            <field name="model_id" search="[('model','=','demande.move.line')]" model="ir.model"/>
            <field name="domain_force">[('company_id', 'in', company_ids)]</field>
        </record>

        <record id="group_stock_general_manager" model="res.groups">
            <field name="name">Administrateur Général</field>
            <field name="category_id" ref="base.module_category_inventory_inventory"/>
            <field name="implied_ids" eval="[(4, ref('stock.group_stock_manager'))]"/>
            <field name="users" eval="[(4, ref('base.user_root')), (4, ref('base.user_admin'))]"/>
        </record>


    </data>
</odoo>
