id,name,model_id:id,group_id:id,perm_read,perm_write,perm_create,perm_unlink

access_fact_sheet,fact.sheet,repair_order.model_fact_sheet,,1,1,1,1
access_repair_inventory_line_wizard,repair.inventory.line.wizard,repair_order.model_repair_inventory_line_wizard,,1,1,1,1

access_repair_order_dg,repair.order.dg,repair_order.model_repair_order,permission_manager.group_dg,1,1,1,1
access_detail_service_dg,detail.service.dg,repair_order.model_detail_service,permission_manager.group_dg,1,1,1,1
access_repairs_line_dg,repairs.line.dg,repair_order.model_repairs_line,permission_manager.group_dg,1,1,1,1
access_repair_inventory_wizard_dg,repair.inventory.wizard.dg,repair_order.model_repair_inventory_wizard,permission_manager.group_dg,1,1,1,1
access_done_repairs_wizard_dg,done.repairs.wizard.dg,repair_order.model_done_repairs_wizard,permission_manager.group_dg,1,1,1,1
access_verify_parts_wizard_dg,verify.parts.wizard.dg,repair_order.model_verify_parts_wizard,permission_manager.group_dg,1,1,1,1
access_message_wizard_dg,message.wizard.dg,repair_order.model_message_wizard,permission_manager.group_dg,1,1,1,0

access_repair_order_achat,repair.order.achat,repair_order.model_repair_order,permission_manager.group_purchase,1,1,0,0
access_detail_service_achat,detail.service.achat,repair_order.model_detail_service,permission_manager.group_purchase,1,0,0,0
access_repairs_line_achat,repairs.line.achat,repair_order.model_repairs_line,permission_manager.group_purchase,1,0,0,0
access_repair_inventory_wizard_achat,repair.inventory.wizard.achat,repair_order.model_repair_inventory_wizard,permission_manager.group_purchase,1,0,0,0
access_done_repairs_wizard_achat,done.repairs.wizard.achat,repair_order.model_done_repairs_wizard,permission_manager.group_purchase,1,0,0,0
access_verify_parts_wizard_achat,verify.parts.wizard.achat,repair_order.model_verify_parts_wizard,permission_manager.group_purchase,1,0,0,0
access_message_wizard_achat,message.wizard.achat,repair_order.model_message_wizard,permission_manager.group_purchase,1,0,0,0

access_repair_order_magasin,repair.order.magasin,repair_order.model_repair_order,permission_manager.group_store,1,1,0,0
access_detail_service_magasin,detail.service.magasin,repair_order.model_detail_service,permission_manager.group_store,1,0,0,0
access_repairs_line_magasin,repairs.line.magasin,repair_order.model_repairs_line,permission_manager.group_store,1,0,0,0
access_repair_inventory_wizard_magasin,repair.inventory.wizard.magasin,repair_order.model_repair_inventory_wizard,permission_manager.group_store,1,1,1,0
access_done_repairs_wizard_magasin,done.repairs.wizard.magasin,repair_order.model_done_repairs_wizard,permission_manager.group_store,1,0,0,0
access_verify_parts_wizard_magasin,verify.parts.wizard.magasin,repair_order.model_verify_parts_wizard,permission_manager.group_store,1,1,1,0
access_message_wizard_magasin,message.wizard.magasin,repair_order.model_message_wizard,permission_manager.group_store,1,0,0,0

access_repair_order_reception,repair.order.reception,repair_order.model_repair_order,permission_manager.group_reception,1,1,1,0
access_detail_service_reception,detail.service.reception,repair_order.model_detail_service,permission_manager.group_reception,1,0,0,0
access_repairs_line_reception,repairs.line.reception,repair_order.model_repairs_line,permission_manager.group_reception,1,0,0,0
access_repair_inventory_wizard_reception,repair.inventory.wizard.reception,repair_order.model_repair_inventory_wizard,permission_manager.group_reception,1,0,0,0
access_done_repairs_wizard_reception,done.repairs.wizard.reception,repair_order.model_done_repairs_wizard,permission_manager.group_reception,1,0,0,0
access_verify_parts_wizard_reception,verify.parts.wizard.reception,repair_order.model_verify_parts_wizard,permission_manager.group_reception,1,0,0,0
access_message_wizard_reception,message.wizard.reception,repair_order.model_message_wizard,permission_manager.group_reception,1,0,0,0

access_repair_order_facturation,repair.order.facturation,repair_order.model_repair_order,permission_manager.group_billing,1,1,0,0
access_detail_service_facturation,detail.service.facturation,repair_order.model_detail_service,permission_manager.group_billing,1,0,0,0
access_repairs_line_facturation,repairs.line.facturation,repair_order.model_repairs_line,permission_manager.group_billing,1,0,0,0
access_repair_inventory_wizard_facturation,repair.inventory.wizard.facturation,repair_order.model_repair_inventory_wizard,permission_manager.group_billing,1,0,0,0
access_done_repairs_wizard_facturation,done.repairs.wizard.facturation,repair_order.model_done_repairs_wizard,permission_manager.group_billing,1,0,0,0
access_verify_parts_wizard_facturation,verify.parts.wizard.facturation,repair_order.model_verify_parts_wizard,permission_manager.group_billing,1,0,0,0
access_message_wizard_facturation,message.wizard.facturation,repair_order.model_message_wizard,permission_manager.group_billing,1,0,0,0

access_repair_order_secretariat,repair.order.secretariat,repair_order.model_repair_order,permission_manager.group_secretariat,1,1,0,0
access_detail_service_secretariat,detail.service.secretariat,repair_order.model_detail_service,permission_manager.group_secretariat,1,0,0,0
access_repairs_line_secretariat,repairs.line.secretariat,repair_order.model_repairs_line,permission_manager.group_secretariat,1,0,0,0
access_repair_inventory_wizard_secretariat,repair.inventory.wizard.secretariat,repair_order.model_repair_inventory_wizard,permission_manager.group_secretariat,1,0,0,0
access_done_repairs_wizard_secretariat,done.repairs.wizard.secretariat,repair_order.model_done_repairs_wizard,permission_manager.group_secretariat,1,0,0,0
access_verify_parts_wizard_secretariat,verify.parts.wizard.secretariat,repair_order.model_verify_parts_wizard,permission_manager.group_secretariat,1,0,0,0
access_message_wizard_secretariat,message.wizard.secretariat,repair_order.model_message_wizard,permission_manager.group_secretariat,1,0,0,0

access_repair_order_assurance,repair.order.assurance,repair_order.model_repair_order,permission_manager.group_insurance,1,1,0,0
access_detail_service_assurance,detail.service.assurance,repair_order.model_detail_service,permission_manager.group_insurance,1,0,0,0
access_repairs_line_assurance,repairs.line.assurance,repair_order.model_repairs_line,permission_manager.group_insurance,1,0,0,0
access_repair_inventory_wizard_assurance,repair.inventory.wizard.assurance,repair_order.model_repair_inventory_wizard,permission_manager.group_insurance,1,0,0,0
access_done_repairs_wizard_assurance,done.repairs.wizard.assurance,repair_order.model_done_repairs_wizard,permission_manager.group_insurance,1,0,0,0
access_verify_parts_wizard_assurance,verify.parts.wizard.assurance,repair_order.model_verify_parts_wizard,permission_manager.group_insurance,1,0,0,0
access_message_wizard_assurance,message.wizard.assurance,repair_order.model_message_wizard,permission_manager.group_insurance,1,0,0,0

access_repair_order_compta,repair.order.compta,repair_order.model_repair_order,permission_manager.group_accounting,1,1,0,0
access_detail_service_compta,detail.service.compta,repair_order.model_detail_service,permission_manager.group_accounting,1,0,0,0
access_repairs_line_compta,repairs.line.compta,repair_order.model_repairs_line,permission_manager.group_accounting,1,0,0,0
access_repair_inventory_wizard_compta,repair.inventory.wizard.compta,repair_order.model_repair_inventory_wizard,permission_manager.group_accounting,1,0,0,0
access_done_repairs_wizard_compta,done.repairs.wizard.compta,repair_order.model_done_repairs_wizard,permission_manager.group_accounting,1,0,0,0
access_verify_parts_wizard_compta,verify.parts.wizard.compta,repair_order.model_verify_parts_wizard,permission_manager.group_accounting,1,0,0,0
access_message_wizard_compta,message.wizard.compta,repair_order.model_message_wizard,permission_manager.group_accounting,1,0,0,0

access_repair_order_mecanique,repair.order.mecanique,repair_order.model_repair_order,permission_manager.group_mechanical,1,1,0,0
access_detail_service_mecanique,detail.service.mecanique,repair_order.model_detail_service,permission_manager.group_mechanical,1,1,1,1
access_repairs_line_mecanique,repairs.line.mecanique,repair_order.model_repairs_line,permission_manager.group_mechanical,1,1,1,1
access_repair_inventory_wizard_mecanique,repair.inventory.wizard.mecanique,repair_order.model_repair_inventory_wizard,permission_manager.group_mechanical,1,0,0,0
access_done_repairs_wizard_mecanique,done.repairs.wizard.mecanique,repair_order.model_done_repairs_wizard,permission_manager.group_mechanical,1,1,1,1
access_verify_parts_wizard_mecanique,verify.parts.wizard.mecanique,repair_order.model_verify_parts_wizard,permission_manager.group_mechanical,1,1,1,1
access_message_wizard_mecanique,message.wizard.mecanique,repair_order.model_message_wizard,permission_manager.group_mechanical,1,0,0,0

access_repair_order_tolerie,repair.order.tolerie,repair_order.model_repair_order,permission_manager.group_bodywork,1,1,0,0
access_detail_service_tolerie,detail.service.tolerie,repair_order.model_detail_service,permission_manager.group_bodywork,1,1,1,1
access_repairs_line_tolerie,repairs.line.tolerie,repair_order.model_repairs_line,permission_manager.group_bodywork,1,1,1,1
access_repair_inventory_wizard_tolerie,repair.inventory.wizard.tolerie,repair_order.model_repair_inventory_wizard,permission_manager.group_bodywork,1,0,0,0
access_done_repairs_wizard_tolerie,done.repairs.wizard.tolerie,repair_order.model_done_repairs_wizard,permission_manager.group_bodywork,1,1,1,1
access_verify_parts_wizard_tolerie,verify.parts.wizard.tolerie,repair_order.model_verify_parts_wizard,permission_manager.group_bodywork,1,1,1,1
access_message_wizard_tolerie,message.wizard.tolerie,repair_order.model_message_wizard,permission_manager.group_bodywork,1,0,0,0

access_repair_order_peinture,repair.order.peinture,repair_order.model_repair_order,permission_manager.group_painting,1,1,0,0
access_detail_service_peinture,detail.service.peinture,repair_order.model_detail_service,permission_manager.group_painting,1,1,1,1
access_repairs_line_peinture,repairs.line.peinture,repair_order.model_repairs_line,permission_manager.group_painting,1,1,1,1
access_repair_inventory_wizard_peinture,repair.inventory.wizard.peinture,repair_order.model_repair_inventory_wizard,permission_manager.group_painting,1,0,0,0
access_done_repairs_wizard_peinture,done.repairs.wizard.peinture,repair_order.model_done_repairs_wizard,permission_manager.group_painting,1,1,1,1
access_verify_parts_wizard_peinture,verify.parts.wizard.peinture,repair_order.model_verify_parts_wizard,permission_manager.group_painting,1,1,1,1
access_message_wizard_peinture,message.wizard.peinture,repair_order.model_message_wizard,permission_manager.group_painting,1,0,0,0

access_repair_order_chef_atelier,repair.order.chef_atelier,repair_order.model_repair_order,permission_manager.group_head_workshop,1,1,0,0
access_detail_service_chef_atelier,detail.service.chef_atelier,repair_order.model_detail_service,permission_manager.group_head_workshop,1,1,1,1
access_repairs_line_chef_atelier,repairs.line.chef_atelier,repair_order.model_repairs_line,permission_manager.group_head_workshop,1,1,1,1
access_repair_inventory_wizard_chef_atelier,repair.inventory.wizard.chef_atelier,repair_order.model_repair_inventory_wizard,permission_manager.group_head_workshop,1,1,1,0
access_done_repairs_wizard_chef_atelier,done.repairs.wizard.chef_atelier,repair_order.model_done_repairs_wizard,permission_manager.group_head_workshop,1,1,1,1
access_verify_parts_wizard_chef_atelier,verify.parts.wizard.chef_atelier,repair_order.model_verify_parts_wizard,permission_manager.group_head_workshop,1,1,1,1
access_message_wizard_chef_atelier,message.wizard.chef_atelier,repair_order.model_message_wizard,permission_manager.group_head_workshop,1,1,1,0

