id,name,model_id:id,group_id:id,perm_read,perm_write,perm_create,perm_unlink
access_account_report_readonly,account.report_manager,model_account_report_manager,account.group_account_readonly,1,1,1,0
access_account_report_invoice,account.report_manager,model_account_report_manager,account.group_account_invoice,1,1,1,1
access_account_report_footnote_readonly,account.report_footnote_readonly,model_account_report_footnote,account.group_account_readonly,1,0,0,0
access_account_report_footnote,account.report_footnote,model_account_report_footnote,account.group_account_user,1,1,1,1
access_account_report_footnote_invoice,account.report_footnote,model_account_report_footnote,account.group_account_invoice,1,0,0,0
access_account_reports_export_wizard,access.account_reports.export.wizard,model_account_reports_export_wizard,account.group_account_user,1,1,1,0
access_account_reports_export_wizard_format,access.account_reports.export.wizard.format,model_account_reports_export_wizard_format,account.group_account_user,1,1,1,0
access_account_multicurrency_revaluation_wizard,access.account.multicurrency.revaluation.wizard,model_account_multicurrency_revaluation_wizard,account.group_account_user,1,1,1,0
access_account_tax_unit_readonly,access_account_tax_unit_readonly,model_account_tax_unit,account.group_account_readonly,1,0,0,0
access_account_tax_unit_manager,access_account_tax_unit_manager,model_account_tax_unit,account.group_account_manager,1,1,1,1
access_account_report_horizontal_group_readonly,account.report.horizontal.group.readonly,model_account_report_horizontal_group,account.group_account_readonly,1,0,0,0
access_account_report_horizontal_group_ac_user,account.report.horizontal.group.ac.user,model_account_report_horizontal_group,account.group_account_manager,1,1,1,1
access_account_report_horizontal_group_rule_readonly,account.report.horizontal.group.rule.readonly,model_account_report_horizontal_group_rule,account.group_account_readonly,1,0,0,0
access_account_report_horizontal_group_rule_ac_user,account.report.horizontal.group.rule.ac.user,model_account_report_horizontal_group_rule,account.group_account_manager,1,1,1,1