<?xml version="1.0" encoding="UTF-8" ?>
<odoo>
    <record id="inherit_account_move_sipici_form" model="ir.ui.view">
        <field name="name">inherited.account.move.move.form</field>
        <field name="model">account.move</field>
        <field name="inherit_id" ref="account.view_move_form"/>
        <field name="arch" type="xml">
<!--            <xpath expr="//field[@name='payment_reference']" position="attributes">-->
<!--                <attribute name="invisible">1</attribute>-->
<!--            </xpath>-->
            <xpath expr="//button[@name='action_register_payment']" position="attributes">
                <attribute name="invisible">1</attribute>
            </xpath>

        </field>
    </record>


</odoo>