<?xml version="1.0" encoding="utf-8"?>
<odoo>
    <!-- Dossiers partageables -->
    <record model="ir.rule" id="partage_multi_compangie_casse">
        <field name="name">Partage: multi-compagnie casse</field>
        <field name="model_id" ref="model_stockage_casser"/>
        <field name="global" eval="True"/>
        <field name="domain_force">
            ['|', ('company_id', '=', False), ('company_id', 'in', company_ids)]
        </field>
    </record>

    <record model="ir.rule" id="partage_multi_compangie_expire">
        <field name="name">Partage: multi-compagnie expire</field>
        <field name="model_id" ref="model_stockage_expirer"/>
        <field name="global" eval="True"/>
        <field name="domain_force">
            ['|', ('company_id', '=', False), ('company_id', 'in', company_ids)]
        </field>
    </record>

    <!-- Dossiers restreints à l'entreprise -->
    <record model="ir.rule" id="restriction_multi_compangie_casse">
        <field name="name">Restriction: multi-compagnie casse</field>
        <field name="model_id" ref="model_stockage_casser"/>
        <field name="global" eval="True"/>
        <field name="domain_force">
            [('company_id', 'in', company_ids)]
        </field>
    </record>

    <record model="ir.rule" id="restriction_multi_compangie_expire">
        <field name="name">Restriction: multi-compagnie expire</field>
        <field name="model_id" ref="model_stockage_expirer"/>
        <field name="global" eval="True"/>
        <field name="domain_force">
            [('company_id', 'in', company_ids)]
        </field>
    </record>
</odoo>

