<?xml version="1.0" encoding="UTF-8" ?>

<odoo>
     <record model="ir.module.category" id="module_security_sale_secii">
         <field name="name">Secii sale</field>
         <field name="description">category pour secii</field>
         <field name="sequence">22</field>
     </record>

    <record id="sale_secii_users" model="res.groups">
         <field name="name">secii sale users</field>
         <field name="category_id" ref="module_security_sale_secii"/>
     </record>
    <record id="sale_secii_box_see_all" model="res.groups">
         <field name="name">secii Manager</field>
         <field name="category_id" ref="module_security_sale_secii"/>
     </record>
    <record id="sale_secii_box_confirm_invoice" model="res.groups">
         <field name="name">Valider facture</field>
         <field name="category_id" ref="module_security_sale_secii"/>
     </record>





</odoo>