id,name,model_id:id,group_id:id,perm_read,perm_write,perm_create,perm_unlink
access_procurement_group,procurement.group,stock.model_procurement_group,base.group_user,1,1,1,0
access_stock_warehouse_manager,stock.warehouse.manager,stock.model_stock_warehouse,stock.group_stock_manager,1,1,1,1
access_stock_warehouse_user,stock.warehouse.user,stock.model_stock_warehouse,base.group_user,1,0,0,0
access_stock_location_partner_manager,stock.location.partner.manager,stock.model_stock_location,base.group_partner_manager,1,0,0,0
access_stock_location_manager,stock.location.manager,stock.model_stock_location,stock.group_stock_manager,1,1,1,1
access_stock_location_user,stock.location.user,stock.model_stock_location,base.group_user,1,0,0,0
access_stock_picking_user,stock.picking user,stock.model_stock_picking,stock.group_stock_user,1,1,1,1
access_stock_picking_manager,stock.picking manager,stock.model_stock_picking,stock.group_stock_manager,1,1,1,1
access_stock_picking_type_all,stock.picking.type all users,stock.model_stock_picking_type,base.group_user,1,0,0,0
access_stock_picking_type_user,stock.picking.type user,stock.model_stock_picking_type,stock.group_stock_user,1,0,0,0
access_stock_picking_type_manager,stock.picking.type manager,stock.model_stock_picking_type,stock.group_stock_manager,1,1,1,1
access_stock_production_lot_user,stock.production.lot user,stock.model_stock_production_lot,stock.group_stock_user,1,1,1,1
access_stock_move_manager,stock.move manager,stock.model_stock_move,stock.group_stock_manager,1,1,1,1
access_stock_move_user,stock.move user,stock.model_stock_move,stock.group_stock_user,1,1,1,0
access_product_product_stock_user,product_product_stock_user,product.model_product_product,stock.group_stock_user,1,0,0,0
access_product_template_stock_user,product.template stock user,product.model_product_template,stock.group_stock_user,1,0,0,0
access_uom_category_stock_manager,uom.category stock_manager,uom.model_uom_category,stock.group_stock_manager,1,1,1,1
access_uom_uom_stock_manager,uom.uom stock_manager,uom.model_uom_uom,stock.group_stock_manager,1,1,1,1
access_product_category_stock_manager,product.category stock_manager,product.model_product_category,stock.group_stock_manager,1,1,1,1
access_product_template_stock_manager,product.template stock_manager,product.model_product_template,stock.group_stock_manager,1,0,0,0
access_product_product_stock_manager,product.product stock_manager,product.model_product_product,stock.group_stock_manager,1,0,0,0
access_product_packaging_stock_manager,product.packaging stock_manager,product.model_product_packaging,stock.group_stock_manager,1,1,1,1
access_product_supplierinfo_stock_manager,product.supplierinfo stock_manager,product.model_product_supplierinfo,stock.group_stock_manager,1,1,1,1
access_product_pricelist_stock_manager,product.pricelist stock_manager,product.model_product_pricelist,stock.group_stock_manager,1,0,0,0
access_product_group_res_partner_stock_manager,res_partner group_stock_manager,base.model_res_partner,stock.group_stock_manager,1,1,1,0
access_product_pricelist_item_stock_manager,product.pricelist.item stock_manager,product.model_product_pricelist_item,stock.group_stock_manager,1,1,1,1
access_stock_warehouse_orderpoint,stock.warehouse.orderpoint,stock.model_stock_warehouse_orderpoint,stock.group_stock_user,1,0,0,0
access_stock_warehouse_orderpoint_system,stock.warehouse.orderpoint system,stock.model_stock_warehouse_orderpoint,stock.group_stock_manager,1,1,1,1
access_stock_quant_user,stock.quant user,stock.model_stock_quant,stock.group_stock_user,1,1,1,0
access_stock_quant_all,stock.quant all users,stock.model_stock_quant,base.group_user,1,0,0,0
access_stock_quant_package_all,stock.quant.package all users,stock.model_stock_quant_package,base.group_user,1,0,0,0
access_stock_quant_package_stock_manager,stock.quant.package stock manager,stock.model_stock_quant_package,stock.group_stock_manager,1,1,1,1
access_stock_quant_package_stock_user,stock.quant.package stock user,stock.model_stock_quant_package,stock.group_stock_user,1,1,1,1
access_stock_package_level_all,stock.package_level all users,stock.model_stock_package_level,base.group_user,1,0,0,0
access_stock_package_level_stock_manager,stock.package_level stock manager,stock.model_stock_package_level,stock.group_stock_manager,1,1,1,1
access_stock_package_level_stock_user,stock.package_level stock user,stock.model_stock_package_level,stock.group_stock_user,1,1,1,1
access_stock_rule_user,stock_rule user,stock.model_stock_rule,stock.group_stock_user,1,0,0,0
access_stock_rule_stock_manager,stock_rule stock manager,stock.model_stock_rule,stock.group_stock_manager,1,1,1,1
access_stock_location_route_stock_manager,stock.location.route,stock.model_stock_location_route,stock.group_stock_manager,1,1,1,1
access_stock_location_route,stock.location.route,stock.model_stock_location_route,base.group_user,1,0,0,0
access_stock_rule_internal,stock.rule.flow internal,stock.model_stock_rule,base.group_user,1,0,0,0
access_stock_move_line_manager,stock.move.line manager,stock.model_stock_move_line,stock.group_stock_manager,1,1,1,1
access_stock_move_line_user,stock.move.line user,stock.model_stock_move_line,stock.group_stock_user,1,1,1,1
access_stock_move_line_all,stock.move.line all users,stock.model_stock_move_line,base.group_user,1,1,1,1
access_stock_putaway_all,stock.putaway.rule all users,stock.model_stock_putaway_rule,base.group_user,1,0,0,0
access_stock_putaway_manager,stock.putaway.rule all managers,stock.model_stock_putaway_rule,stock.group_stock_manager,1,1,1,1
access_stock_removal_all,product.removal all users,stock.model_product_removal,base.group_user,1,0,0,0
access_barcode_nomenclature_stock_user,barcode.nomenclature.stock.user,barcodes.model_barcode_nomenclature,stock.group_stock_user,1,0,0,0
access_barcode_nomenclature_stock_manager,barcode.nomenclature.stock.manager,barcodes.model_barcode_nomenclature,stock.group_stock_manager,1,1,1,1
access_barcode_rule_stock_user,barcode.rule.stock.user,barcodes.model_barcode_rule,stock.group_stock_user,1,0,0,0
access_barcode_rule_stock_manager,barcode.rule.stock.manager,barcodes.model_barcode_rule,stock.group_stock_manager,1,1,1,1
access_stock_scrap_user,stock.scrap.user,stock.model_stock_scrap,stock.group_stock_user,1,1,1,0
access_stock_scrap_manager,stock.scrap.manager,stock.model_stock_scrap,stock.group_stock_manager,1,1,1,1
access_product_attribute_manager,product.attribute manager,product.model_product_attribute,stock.group_stock_manager,1,1,1,1
access_product_attribute_value_manager,product.attribute manager value,product.model_product_attribute_value,stock.group_stock_manager,1,1,1,1
access_product_product_attribute_manager,product.product.attribute manager value,product.model_product_template_attribute_value,stock.group_stock_manager,1,1,1,1
access_product_template_attribute_exclusion_manager,product.attribute manager filter line,product.model_product_template_attribute_exclusion,stock.group_stock_manager,1,1,1,1
access_product_template_attribute_line_manager,product.attribute manager line,product.model_product_template_attribute_line,stock.group_stock_manager,1,1,1,1
access_report_stock_quantity,access_report_stock_quantity,stock.model_report_stock_quantity,base.group_user,1,0,0,0
access_stock_traceability_report,access.stock.traceability.report,stock.model_stock_traceability_report,stock.group_stock_user,1,1,1,0
access_stock_assign_serial,access.stock.assign.serial,stock.model_stock_assign_serial,stock.group_stock_user,1,1,1,0
access_stock_return_picking_line,access.stock.return.picking.line,stock.model_stock_return_picking_line,stock.group_stock_user,1,1,1,1
access_stock_return_picking,access.stock.return.picking,stock.model_stock_return_picking,stock.group_stock_user,1,1,1,0
access_stock_change_product_qty,access.stock.change.product.qty,stock.model_stock_change_product_qty,stock.group_stock_user,1,1,1,0
access_stock_scheduler_compute,access.stock.scheduler.compute,stock.model_stock_scheduler_compute,stock.group_stock_user,1,1,1,0
access_stock_immediate_transfer_line,access.stock.immediate.transfer.line,stock.model_stock_immediate_transfer_line,stock.group_stock_user,1,1,1,0
access_stock_immediate_transfer,access.stock.immediate.transfer,stock.model_stock_immediate_transfer,stock.group_stock_user,1,1,1,0
access_stock_backorder_confirmation_line,access.stock.backorder.confirmation.line,stock.model_stock_backorder_confirmation_line,stock.group_stock_user,1,1,1,0
access_stock_backorder_confirmation,access.stock.backorder.confirmation,stock.model_stock_backorder_confirmation,stock.group_stock_user,1,1,1,0
access_stock_quantity_history,access.stock.quantity.history,stock.model_stock_quantity_history,stock.group_stock_user,1,1,1,0
access_stock_rules_report,access.stock.rules.report,stock.model_stock_rules_report,stock.group_stock_user,1,1,1,0
access_stock_warn_insufficient_qty_scrap,access.stock.warn.insufficient.qty.scrap,stock.model_stock_warn_insufficient_qty_scrap,stock.group_stock_user,1,1,1,0
access_product_replenish,access.product.replenish,stock.model_product_replenish,stock.group_stock_user,1,1,1,0
access_stock_track_confirmation,access.stock.track.confirmation,stock.model_stock_track_confirmation,stock.group_stock_user,1,1,1,0
access_stock_track_line,access.stock.track.line,stock.model_stock_track_line,stock.group_stock_user,1,1,1,0
access_stock_package_destination,access.stock.package.destination,stock.model_stock_package_destination,stock.group_stock_user,1,1,1,0
access_stock_orderpoint_snooze,access_stock_orderpoint_snooze,stock.model_stock_orderpoint_snooze,stock.group_stock_user,1,1,1,1
access_stock_package_type_user,access_stock_package_type_user,stock.model_stock_package_type,stock.group_stock_user,1,0,0,0
access_stock_package_type_manager,access_stock_package_type_manager,stock.model_stock_package_type,stock.group_stock_manager,1,1,1,1
access_stock_storage_category_user,stock.storage.category.user,stock.model_stock_storage_category,base.group_user,1,0,0,0
access_stock_storage_category_manager,stock.storage.category.manager,stock.model_stock_storage_category,stock.group_stock_manager,1,1,1,1
access_stock_storage_category_capacity_user,stock.storage.category.capacity.user,stock.model_stock_storage_category_capacity,base.group_user,1,0,0,0
access_stock_storage_category_capacity_manager,stock.storage.category.capacity.manager,stock.model_stock_storage_category_capacity,stock.group_stock_manager,1,1,1,1
access_stock_inventory_conflict,stock.inventory.conflict,stock.model_stock_inventory_conflict,stock.group_stock_manager,1,1,1,0
access_stock_inventory_warning,stock.inventory.warning,stock.model_stock_inventory_warning,stock.group_stock_manager,1,1,1,0
access_stock_inventory_adjustment_name,stock.inventory.adjustment.name,stock.model_stock_inventory_adjustment_name,stock.group_stock_manager,1,1,1,0
access_stock_request_count,stock.request.count,stock.model_stock_request_count,stock.group_stock_manager,1,1,1,0
access_stock_replenishment_info,stock.replenishment.info,stock.model_stock_replenishment_info,stock.group_stock_manager,1,1,1,0
access_stock_acces_right_product_template_stock_manager_general,product.template stock_manager,product.model_product_template,stock_acces_right.group_stock_general_manager,1,1,1,1
access_stock_acces_right_product_product_stock_manager_general,product.product stock_manager,product.model_product_product,stock_acces_right.group_stock_general_manager,1,1,1,1
access_stock_acces_right_product_pricelist_stock_manager_general,product.pricelist stock_manager,product.model_product_pricelist,stock_acces_right.group_stock_general_manager,1,1,1,1

