<?xml version="1.0" encoding="utf-8"?>
<odoo>
    <data noupdate="1">
        <record id="group_stock_general_manager" model="res.groups">
            <field name="name">Administrateur Général</field>
            <field name="category_id" ref="base.module_category_inventory_inventory"/>
            <field name="implied_ids" eval="[(4, ref('stock.group_stock_manager'))]"/>
            <field name="users" eval="[(4, ref('base.user_root')), (4, ref('base.user_admin'))]"/>
        </record>
    </data>
</odoo>