<?xml version="1.0" encoding="utf-8"?>
<odoo noupdate="1">

    <!-- Transactions -->

    <record id="payment_transaction_billing_rule" model="ir.rule">
        <field name="name">Access every transaction</field>
        <field name="model_id" ref="payment.model_payment_transaction"/>
        <!-- Reset the domain defined by payment.transaction_user_rule -->
        <field name="domain_force">[(1, '=', 1)]</field>
        <field name="groups" eval="[(4, ref('account.group_account_invoice'))]"/>
    </record>

    <!-- Tokens -->

    <record id="payment_token_billing_rule" model="ir.rule">
        <field name="name">Access every token</field>
        <field name="model_id" ref="payment.model_payment_token"/>
        <!-- Reset the domain defined by payment.token_user_rule -->
        <field name="domain_force">[(1, '=', 1)]</field>
        <field name="groups" eval="[(4, ref('account.group_account_invoice'))]"/>
    </record>

</odoo>
