<?xml version="1.0" encoding="UTF-8"?>
<templates id="template" xml:space="preserve">

    <t t-name="DiscountAmout" t-inherit="point_of_sale.Orderline" t-inherit-mode="extension" owl="1">
        <xpath expr="//t[@t-if='customerNote']" position="before">
            <t t-if="props.line.get_discount_amount()">
                <li class="info">
                    Remise de
                    <em>
                        <t t-esc="props.line.get_discount_amount()" /> CFA
                    </em>
                </li>
            </t>
        </xpath>
    </t>

</templates>
