<?xml version="1.0" encoding="utf-8"?>
<odoo>   
    <data>
        <record id="group_disable_create_access" model="res.groups">
            <field name="name">Disable Create Button</field>
        </record>
        <record id="group_disable_edit_form_access" model="res.groups">
            <field name="name">Disable Edit Button</field>
        </record>
        <record id="group_disable_delete_access" model="res.groups">
            <field name="name">Disable Delete Button</field>
        </record>        
        <record id="group_disable_export_access" model="res.groups">
            <field name="name">Disable Export Button</field>
        </record>
        <record id="group_disable_action_access" model="res.groups">
            <field name="name">Disable print / Action Button</field>
        </record>
        <record id="group_hide_all_button" model="res.groups">
            <field name="name">Show All Buttons</field>
        </record>
    </data>
</odoo>
