<?xml version="1.0" encoding="utf-8"?>
<odoo>
    <data noupdate="0">
        <record id="contrib_register_employees" model="hr.contribution.register">
            <field name="name">Employees</field>
            <field name="partner_id" eval="False"/>
        </record>

        <record id="BASIC" model="hr.salary.rule.category">
            <field name="name">Basic</field>
            <field name="code">BASIC</field>
        </record>

        <record id="PAP" model="hr.salary.rule.category">
            <field name="name">PART PATRONALE</field>
            <field name="code">PAP</field>
        </record>
        <record id="PAS" model="hr.salary.rule.category">
            <field name="name">PART SALARIALE</field>
            <field name="code">PAS</field>
        </record>

        <record id="COMP" model="hr.salary.rule.category">
            <field name="name">Company Contribution</field>
            <field name="code">COMP</field>
        </record>

         <record id="Travel" model="hr.salary.rule.category">
            <field name="name">Travel Allowance</field>
            <field name="code">Travel</field>
        </record>

        <record id="Medical" model="hr.salary.rule.category">
            <field name="name">Medical Allowance</field>
            <field name="code">Medical</field>
        </record>


<!--        <record id="DEDUCTION" model="hr.salary.rule.category">-->
<!--            <field name="name">Deduction</field>-->
<!--            <field name="code">DED</field>-->
<!--            <field name="parent_id" eval="False"/>-->
<!--        </record>-->

        <record id="hr_rule_basic" model="hr.salary.rule">
            <field name="name">SALAIRE DE BASE</field>
            <field name="sequence" eval="1"/>
            <field name="code">BASIC</field>
            <field name="category_id" ref="hr_payroll.BASIC"/>
            <field name="condition_select">none</field>
            <field name="amount_select">code</field>
            <field name="amount_python_compute">result = contract.wage</field>
        </record>

        <record id="hr_rule_travel" model="hr.salary.rule">
            <field name="name">PRIME DE TRANSPORT</field>
            <field name="sequence" eval="1"/>
            <field name="code">Travel</field>
            <field name="category_id" ref="hr_payroll.Travel"/>
            <field name="condition_select">none</field>
            <field name="amount_select">code</field>
            <field name="amount_python_compute">result = contract.travel_allowance</field>
        </record>

        <record id="hr_rule_its" model="hr.salary.rule">
            <field name="name">IMPÔT SUR TRAITEMENT ET SALAIRE</field>
            <field name="sequence" eval="1"/>
            <field name="code">ITS</field>
            <field name="category_id" ref="hr_payroll.PAS"/>
            <field name="condition_select">none</field>
            <field name="amount_select">fix</field>
            <field name="part_salary">its</field>
        </record>
        <record id="hr_rule_cn" model="hr.salary.rule">
            <field name="name">CONTRIBUTION NATIONALE</field>
            <field name="sequence" eval="1"/>
            <field name="code">CN</field>
            <field name="category_id" ref="hr_payroll.PAS"/>
            <field name="condition_select">none</field>
            <field name="amount_select">fix</field>
            <field name="part_salary">cn</field>
        </record>
        <record id="hr_rule_igr" model="hr.salary.rule">
            <field name="name">IMPÔT GENERAL SUR LES REVENUS</field>
            <field name="sequence" eval="1"/>
            <field name="code">IGR</field>
            <field name="category_id" ref="hr_payroll.PAS"/>
            <field name="condition_select">none</field>
            <field name="amount_select">fix</field>
            <field name="part_salary">igr</field>
        </record>
        <record id="hr_rule_cnps" model="hr.salary.rule">
            <field name="name">CNPS</field>
            <field name="sequence" eval="1"/>
            <field name="code">CR</field>
            <field name="category_id" ref="hr_payroll.PAS"/>
            <field name="condition_select">none</field>
            <field name="amount_select">percentage</field>
            <field name="is_salary">True</field>
            <field name="amount_percentage">6.30</field>
        </record>
        <record id="hr_rule_rg" model="hr.salary.rule">
            <field name="name">RETRAITE GENERALE</field>
            <field name="sequence" eval="1"/>
            <field name="code">RG</field>
            <field name="category_id" ref="hr_payroll.PAP"/>
            <field name="condition_select">none</field>
            <field name="amount_select">percentage</field>
            <field name="is_salary">True</field>
            <field name="amount_percentage">7.7</field>
        </record>

        <record id="hr_rule_pf" model="hr.salary.rule">
            <field name="name">PRESTATION FAMILLIALE</field>
            <field name="sequence" eval="1"/>
            <field name="code">PF</field>
            <field name="category_id" ref="hr_payroll.PAP"/>
            <field name="condition_select">none</field>
            <field name="amount_select">percentage</field>
            <field name="amount_percentage_base">70000</field>
            <field name="amount_percentage">5.75</field>
        </record>
        <record id="hr_rule_ppi" model="hr.salary.rule">
            <field name="name">PART PATRONALE ITS</field>
            <field name="sequence" eval="1"/>
            <field name="code">PPI</field>
            <field name="category_id" ref="hr_payroll.PAP"/>
            <field name="condition_select">none</field>
            <field name="amount_select">percentage</field>
            <field name="is_salary">True</field>
            <field name="amount_percentage">1.2</field>
        </record>
        <record id="hr_rule_ta" model="hr.salary.rule">
            <field name="name">TAXE APP</field>
            <field name="sequence" eval="1"/>
            <field name="code">TA</field>
            <field name="category_id" ref="hr_payroll.PAP"/>
            <field name="condition_select">none</field>
            <field name="amount_select">percentage</field>
            <field name="is_salary">True</field>
            <field name="amount_percentage">0.4</field>
        </record>
        <record id="hr_rule_tf" model="hr.salary.rule">
            <field name="name">TAXE FPC</field>
            <field name="sequence" eval="1"/>
            <field name="code">TF</field>
            <field name="category_id" ref="hr_payroll.PAP"/>
            <field name="condition_select">none</field>
            <field name="amount_select">percentage</field>
            <field name="is_salary">True</field>
            <field name="amount_percentage">0.6</field>
        </record>
        <record id="hr_rule_at" model="hr.salary.rule">
            <field name="name">ACCIDENT DU TRAVAIL</field>
            <field name="sequence" eval="1"/>
            <field name="code">AT</field>
            <field name="category_id" ref="hr_payroll.PAP"/>
            <field name="condition_select">none</field>
            <field name="amount_select">percentage</field>
            <field name="amount_percentage_base">70000</field>
            <field name="amount_percentage">3</field>
        </record>



        <!-- Salary Structure -->

         <record id="structure_base" model="hr.payroll.structure">
            <field name="code">BASE</field>
            <field name="name">PAYMENT DE SALAIRE</field>
            <field eval="[(6, 0, [ref('hr_rule_basic'), ref('hr_rule_its'),
             ref('hr_rule_at'),ref('hr_rule_travel'),ref('hr_rule_cnps'),ref('hr_rule_cn'),ref('hr_rule_igr'),
             ref('hr_rule_pf'),ref('hr_rule_ta'),ref('hr_rule_tf'),ref('hr_rule_at'),ref('hr_rule_rg')])]" name="rule_ids"/>
            <field name="company_id" ref="base.main_company"/>
        </record>

        <!-- Decimal Precision -->

        <record forcecreate="True" id="decimal_payroll" model="decimal.precision">
            <field name="name">Payroll</field>
            <field name="digits">2</field>
        </record>

        <record forcecreate="True" id="decimal_payroll_rate" model="decimal.precision">
            <field name="name">Payroll Rate</field>
            <field name="digits">4</field>
        </record>


    </data>
</odoo>
