<?xml version="1.0" encoding="utf-8"?>
<odoo>
    <data noupdate="1">

        <!-- Sequence ordre de réparation -->
        <record id="sequence_repair_order" model="ir.sequence">
            <field name="name">Sequence ordre de réparation</field>
            <field name="code">repair.order</field>
            <field name="prefix">OR/%(year)s/%(month)s/</field>
            <field name="padding">5</field>
            <field name="company_id" eval="False"/>
        </record>

        <!-- Sequence travaux de réparation -->
        <record id="sequence_repairs" model="ir.sequence">
            <field name="name">Sequence travaux de réparation</field>
            <field name="code">repairs.line</field>
            <field name="prefix">TR/%(year)s/%(month)s/</field>
            <field name="padding">5</field>
            <field name="company_id" eval="False"/>
        </record>

        <!-- Sequence devis -->
        <record id="sequence_sale" model="ir.sequence">
            <field name="name">Sequence devis</field>
            <field name="code">repairs.sale</field>
            <field name="prefix">DE/%(year)s/%(month)s/</field>
            <field name="padding">5</field>
            <field name="company_id" eval="False"/>
        </record>

        <!-- Sequence achat -->
        <record id="sequence_purchase" model="ir.sequence">
            <field name="name">Sequence achat</field>
            <field name="code">repairs.purchase</field>
            <field name="prefix">AC/%(year)s/%(month)s/</field>
            <field name="padding">5</field>
            <field name="company_id" eval="False"/>
        </record>

        <!-- Sequence bon de sortie -->
        <record id="sequence_exit_voucher" model="ir.sequence">
            <field name="name">Sequence bon de sortie</field>
            <field name="code">exit.voucher</field>
            <field name="prefix">BS/%(year)s/%(month)s/</field>
            <field name="padding">5</field>
            <field name="company_id" eval="False"/>
        </record>

    </data>
</odoo>