<?xml version="1.0" encoding="utf-8"?>
<odoo>
    <data noupdate="1">
        <record id="groupe_responsable" model="ir.module.category">
            <field name="name">Responsable</field>
        </record>

        <record id="securite_responsable_entrepot" model="res.groups">
            <field name="name">Entrepôt</field>
            <field name="category_id" ref="permission_manager.groupe_responsable"/>
        </record>
        <record id="securite_responsable_magasin" model="res.groups">
            <field name="name">Magasin</field>
            <field name="category_id" ref="permission_manager.groupe_responsable"/>
            <field name="implied_ids" eval="[(4, ref('permission_manager.securite_responsable_entrepot'))]"/>
        </record>
    </data>
</odoo>