<?xml version="1.0" encoding="utf-8"?>
<odoo>
    <record id="group_pos_reponsable_user" model="res.groups">
        <field name="name">Utilisateur Responsable</field>
        <field name="category_id" ref="base.module_category_sales_point_of_sale"/>
        <field name="implied_ids" eval="[(4, ref('point_of_sale.group_pos_user'))]"/>
    </record>

    <record id="point_of_sale.group_pos_manager" model="res.groups">
        <field name="name">Administrator</field>
        <field name="category_id" ref="base.module_category_sales_point_of_sale"/>
        <field name="implied_ids" eval="[
            (4, ref('point_of_sale.group_pos_user')), 
            (4, ref('stock.group_stock_user')), 
            (4, ref('pos_delete_orderline.group_pos_reponsable_user'))]"/>
        <field name="users" eval="[(4, ref('base.user_root')), (4, ref('base.user_admin'))]"/>
    </record>
</odoo>
