<?xml version="1.0" encoding="UTF-8"?>
<templates id="template" xml:space="preserve">
     <t t-name="InheritClosePosPopup" t-inherit="point_of_sale.ClosePosPopup" t-inherit-mode="extension" owl="1">
         <xpath expr="//*[hasclass('close-pos-popup')]//*[hasclass('body')]//*[hasclass('payment-methods-overview')]"
                position="replace">
             <div class="payment-methods-overview">
                <table>
                    <thead>
                        <tr>
                            <th>Payment Method</th>
                            <th>Expected</th>
                            <th style="width: 25%">Counted</th>
                            <th t-if="cashControl" style="width: 20%">Difference</th>
                        </tr>
                    </thead>
                    <t t-if="cashControl">
                        <tbody>
                            <tr>
                                <td t-esc="defaultCashDetails.name"/>
                                <t t-if="defaultCashDetails.no_access">
                                    <td> <i class="fa fa-eye-slash" aria-hidden="true"/></td>
                                </t>
                                <t t-else="">
                                    <td t-esc="env.pos.format_currency(defaultCashDetails.amount)"/>
                                </t>
                                <td class="flex" t-on-input="() => this.handleInputChange(defaultCashDetails.id)">
                                    <input class="pos-input" type="number" t-model.number="state.payments[defaultCashDetails.id].counted"/>
                                    <div class="button icon" t-on-click="openDetailsPopup">
                                        <i class="fa fa-calculator" role="img" title="Open the money details popup"/>
                                    </div>
                                </td>
                                <t t-if="defaultCashDetails.no_access">
                                    <td> <i class="fa fa-eye-slash" aria-hidden="true"/></td>
                                </t>
                                <t t-else="">
                                    <td t-esc="env.pos.format_currency(state.payments[defaultCashDetails.id].difference)" t-att-class="{'warning': state.payments[defaultCashDetails.id].difference}"/>
                                </t>
                            </tr>
                        </tbody>
                        <tbody class="cash-overview">
                            <tr>
                                <td>Opening</td>
                                <td t-esc="env.pos.format_currency(defaultCashDetails.opening)"/>
                            </tr>
<!--                            caches toutes les informations aux responsables de magasin-->


                            <t t-if="!defaultCashDetails.no_access">
                                <tr t-foreach="defaultCashDetails.moves" t-as="move" t-key="move_index">
                                    <td>
                                        <div class="flex">
                                            <div class="cash-sign" t-esc="move.amount &lt; 0 ? '-' : '+'"/>
                                            <t t-esc="move.name"/>
                                        </div>
                                    </td>
                                    <td t-esc="env.pos.format_currency(Math.abs(move.amount))"/>
                                </tr>
                                <tr t-if="defaultCashDetails.payment_amount">
                                    <td>
                                        <div class="flex">
                                            <div class="cash-sign" t-esc="defaultCashDetails.payment_amount &lt; 0 ? '-' : '+'"/>
                                            Payments in <t t-esc="defaultCashDetails.name"/>
                                        </div>
                                    </td>
                                    <td t-esc="env.pos.format_currency(Math.abs(defaultCashDetails.payment_amount))"/>
                                </tr>
                            </t>

                        </tbody>
                    </t>
                    <tbody t-if="otherPaymentMethods.length &gt; 0">
                        <tr t-foreach="otherPaymentMethods" t-as="pm" t-key="pm.id">
                            <td t-esc="pm.name"/>
                            <t t-if="defaultCashDetails.no_access">
                                <td> <i class="fa fa-eye-slash" aria-hidden="true"/></td>
                            </t>
                            <t t-else="">
                                <td t-esc="env.pos.format_currency(pm.amount)"/>
                            </t>
                            <t t-set="_showDiff" t-value="_getShowDiff(pm)" />
                            <td t-if="_showDiff" t-on-input="() => this.handleInputChange(pm.id)"><input class="pos-input" type="number" t-model.number="state.payments[pm.id].counted"/></td>
                            <td t-if="_showDiff" t-esc="env.pos.format_currency(state.payments[pm.id].difference)" t-att-class="{'warning': state.payments[pm.id].difference}"/>
                        </tr>
                    </tbody>
                </table>
            </div>

         </xpath>

         <xpath expr="//*[hasclass('close-pos-popup')]//header"
                position="replace">

             <header>
                 <div class="title">Closing Session</div>
                 <div class="total-orders">
                     <t t-if="checkUserAccess()"/>
                    Total <t t-esc="ordersDetails.quantity"/> orders:
                    <t t-if="defaultCashDetails.no_access">
                        <td> <i class="fa fa-eye-slash" aria-hidden="true"/></td>
                    </t>
                    <t t-else="">
                        <span class="amount" t-esc="env.pos.format_currency(ordersDetails.amount)"/>
                    </t>

                </div>
                </header>

         </xpath>

     </t>
</templates>

