<?xml version="1.0" encoding="UTF-8" ?>

<odoo>
    <!-- droits d'accès commercial -->
    <record model="ir.module.category" id="com_security_secii">
        <field name="name">Commercial</field>
        <field name="description">category pour secii</field>
        <field name="sequence">21</field>
    </record>

    <record id="secii_commerciaux" model="res.groups">
        <field name="name">Commission / Encaissement</field>
        <field name="category_id" ref="com_security_secii"/>
    </record>

    <record id="secii_devis" model="res.groups">
        <field name="name">Création de Devis</field>
        <field name="category_id" ref="com_security_secii"/>
    </record>




    <!-- droits d'accès Comptabilité -->
    <record model="ir.module.category" id="compta_security_secii">
        <field name="name">Comptable</field>
        <field name="description">category pour secii</field>
        <field name="sequence">22</field>
    </record>

    <record id="secii_users" model="res.groups">
        <field name="name">Caisse Principale</field>
        <field name="category_id" ref="compta_security_secii"/>
    </record>

    <record id="secii_box_yop" model="res.groups">
        <field name="name">Caisse Secondaire</field>
        <field name="category_id" ref="compta_security_secii"/>
    </record>

    <record id="secii_box_see_all" model="res.groups">
        <field name="name">Manager Caisse Principale</field>
        <field name="category_id" ref="compta_security_secii"/>
    </record>

    <!-- droits d'accès manager -->
    <record model="ir.module.category" id="manager_security_secii">
        <field name="name">Manager</field>
        <field name="description">category pour secii</field>
        <field name="sequence">23</field>
    </record>

    <record id="sale_secii_box_confirm_invoice" model="res.groups">
        <field name="name">Confirmer Bon de Commande</field>
        <field name="category_id" ref="manager_security_secii"/>
    </record>

    <record id="sale_secii_box_see_all" model="res.groups">
        <field name="name">Manager avec Instance</field>
        <field name="category_id" ref="manager_security_secii"/>
    </record>

    <record id="sale_secii_users" model="res.groups">
        <field name="name">Manager</field>
        <field name="category_id" ref="manager_security_secii"/>
    </record>


    <!--  -->
    <record model="ir.ui.menu" id="sale.product_menu_catalog">
        <field name="groups_id" eval="[(6,0,[ref('secii_box_see_all')])]"/>
    </record>

    <record model="ir.ui.menu" id="sale.menu_sale_invoicing">
        <field name="groups_id" eval="[(6,0,[ref('secii_box_see_all')])]"/>
    </record>

    <!--
    <record model="ir.rule" id="record_not_shared_multi_company_office_manager_rule">
        <field name="name">Office Manager Multi Company rule</field>
        <field name="model_id" ref="model_office_manager"/>
        <field name="global" eval="True"/>
        <field name="domain_force">
            ['|', ('company_id', '=', False),('company_id', 'in', company_ids)]
        </field>
    </record>
    <record model="ir.rule" id="record_not_shared_multi_company_agentis_dga_rule">
        <field name="name">DGA Multi Company rule</field>
        <field name="model_id" ref="model_agentis_dga"/>
        <field name="global" eval="True"/>
        <field name="domain_force">
            ['|', ('company_id', '=', False),('company_id', 'in', company_ids)]
        </field>
    </record> -->
    <!--<record model="ir.rule" id="record_not_shared_multi_company_agentis_comptable_rule">
        <field name="name">Comptable Multi Company rule</field>
        <field name="model_id" ref="model_agentis_comptable"/>
        <field name="global" eval="True"/>
        <field name="domain_force">
            ['|', ('company_id', '=', False),('company_id', 'in', company_ids)]
        </field>
    </record> -->


</odoo>